appid,name,overall_similarity,best_community_similarity,best_community
368510,Official Guide - Valiant,0.15551435855266393,0.5977081599236826,10
98610,"Demolition, Inc. Demo",0.19580139266003677,0.5955086349119478,12
1235100,"Rolling Hills: Make Sushi, Make Friends",0.30489820220588976,0.5925509652760621,6
523440,zTime (Danger Noodles!),0.1433470105801885,0.5908051178576389,8
2822370,Chocolate Factory Simulator,0.21678717396804542,0.5877553812998075,0
415950,Yohjo Simulator,0.17668034391352183,0.583926810979332,8
1782330,Green Hell VR,0.25652997311091325,0.5821520731318865,0
822550,2DGameManias Taken,0.20097729884425697,0.5811107118494752,8
700160,Semblance,0.26108620618321643,0.5809245669590649,8
418960,Catorize,0.17668034391352183,0.5807522078047288,8
724580,Domino,0.13223589946907738,0.5799622310599043,12
435090,Akuatica Demo,0.17030812854597832,0.579947477833438,8
1052900,Assault of the Robots,0.17668034391352183,0.5772248709440586,8
562410,Panty Party,0.20426993967956167,0.5763890255868697,8
2605980,孤岛笔记 Demo,0.17668034391352183,0.5739291956395635,10
824000,Hokko Life,0.21889372041287014,0.5726968170713812,10
927250,Bladed Fury,0.3142886728990033,0.5699323683651457,4
606890,Masters of Anima,0.3123726959772633,0.5687559259971116,11
858500,Skelli Tower Defense,0.18312479041982616,0.5643369646508065,3
370550,Sparkle 2,0.1975993840783818,0.5631994468596285,7
342350,Into The Gloom,0.19420908647079457,0.5630377790674236,8
3461920,The Boba Teashop,0.18312479041982616,0.5628818042526583,8
334310,Plebby Quest: The Crusades,0.24956693586792092,0.5618335572457702,8
1282690,Crysis® 3 ,0.25141004601422945,0.5608612297473214,3
1225780,他人世界末,0.19500545599185787,0.5603191586596397,10
215020,Orcs Must Die! 2 Demo,0.24719620931116632,0.5551023106859061,11
1409830,Sons of Valhalla,0.30506833762937907,0.554505621805864,9
391440,XenoBloom,0.1433470105801885,0.5540363051339784,12
19320,Space Ark,0.1591970174348672,0.554021551907512,8
777760,Charlie II,0.18312479041982616,0.5535532368656478,8
795020,Charlie II Demo,0.18312479041982616,0.5535532368656478,8
664800,Alter Ego Demo,0.13223589946907738,0.5530141629598249,10
1660370,Wildlife Match,0.17668034391352183,0.551795987647499,3
910830,Rebel Galaxy Outlaw,0.3177246242447041,0.5515167920528655,9
1173240,Profitania,0.15445812169129963,0.5513908024884757,12
787040,Perfect Heist,0.19087279531401294,0.5503574076371113,3
330950,Pure Chess - Steampunk Game Pack,0.17668034391352183,0.5503326014302746,12
1640630,Heading Out,0.3022721219048355,0.5500305453904183,3
1342890,Who Needs a Hero?,0.20671396324276609,0.549009109152473,10
552380,[R.U.M.A],0.17668034391352183,0.5490061760586971,8
711600,Dragon Orb,0.18458446117990432,0.548499005905736,3
1008610,The Trials of Olympus 2: Wrath of the Gods,0.17668034391352183,0.5482686507868288,3
556870,Charlie's Adventure,0.17062101109411834,0.5471005326464408,1
729000,Wytchwood,0.2611537530688475,0.5469837353375822,10
492180,Haimrik,0.2171383952512112,0.5468521399481694,11
673540,Mogo Invasion,0.1433470105801885,0.546628897726571,12
678520,Gal*Gun VR,0.16428898676573936,0.5465477384757218,6
491100,"Human, we have a problem",0.19087279531401294,0.5428886674553225,8
1130620,Aka Manto | 赤マント,0.19590145628686711,0.5423575355031112,3
1004270,My Island,0.1555214059911376,0.5421526043681272,10
268130,Heat Signature,0.2499981313910743,0.5420102047616772,3
277910,Mars Colony: Challenger,0.1433470105801885,0.5419030518487138,10
275390,Guacamelee! Super Turbo Championship Edition,0.2933257775012282,0.541133614547688,8
2804680,Only Way is Down,0.20102594645485936,0.5403047125814726,8
2559360,Symmodance,0.2128640408516119,0.5396510401683291,3
726830,Vacation Simulator,0.3177246242447041,0.5394458064722734,7
2304180,Gyno Tales - Season 1,0.17696937789718772,0.5385262778815483,10
211400,Deadlight,0.31348315909577656,0.5378317406720554,5
413710,Blood and Gold: Caribbean!,0.20791720082771595,0.5378075912995854,11
1178150,MazM: Jekyll and Hyde,0.21400974848551124,0.5375799954291157,9
801600,夜雪冰娇,0.17668034391352183,0.5373775264118918,11
628960,Journey to Alien Worlds,0.18764849537730985,0.5372888009404574,8
1191580,Nexomon,0.16090256819760396,0.5367037493819171,10
867590,Sakura and Crit: The Mock Game,0.17668034391352183,0.5363077633602843,8
578830,Cavern of Time,0.1619582942935406,0.5347075624422732,10
841190,"Honey, I Joined a Cult",0.3124092060706211,0.5344819709183056,12
545410,A Trip to Yugoslavia: Director's Cut,0.13914508957025892,0.5338172380287837,1
2278630,Livestream 2: Escape from Togaezuka Happy Place,0.20888027997823702,0.5327766686572463,13
416310,Goblin Defenders: Steel‘n’ Wood,0.19420908647079457,0.5327400415777491,2
419480,Starpoint Gemini Warlords,0.28354116734642437,0.5326836952389558,9
1092000,Naked Story,0.19420908647079457,0.5326621849875695,10
2942050,Ports Of Call Deluxe 3D 2024,0.17668034391352183,0.5326192358908222,12
1229420,Company of Crime,0.2188114760135031,0.5322386004335758,11
261940,The Mysterious Cities of Gold - Secret Paths,0.18067641515217794,0.5320772276880584,8
578890,Selatria: Advent of the Dakk'rian Empire,0.18764849537730985,0.5318102842679445,10
413760,Go To Bed: Survive The Night,0.1591970174348672,0.5317993296852899,8
449610,Monster Boy And The Cursed Kingdom,0.27247123472302986,0.5314485634730622,0
512460,Nature And Life - Drunk On Nectar,0.16949059293433097,0.5299899362155375,8
696160,Necromancer Accountant,0.15445812169129963,0.5281103792080525,12
2316580,Tales of Kenzera™: ZAU,0.313923353365379,0.5280912101744817,3
575780,Inner silence,0.18039574342815362,0.5275639976777857,1
679770,Dr. Cares - Pet Rescue 911,0.1866580577560148,0.5272410739993232,8
2295610,Abathor,0.30324718518195043,0.5270982450008921,5
448670,Pinball HD Collection,0.15445812169129963,0.5267839538364748,8
549760,Evolution VR,0.15445812169129963,0.5260464285646066,3
516610,Guardian war VR,0.1433470105801885,0.525990303042824,8
1557480,Project MIKHAIL,0.17668034391352183,0.524930452526861,9
680430,Lemuria: Lost in Space - VR Edition Demo,0.18771378385195148,0.5240100702995732,11
758220,Osmorrow,0.16236223895768212,0.5239727094493984,11
1008710,Wet Girl,0.19337454097165777,0.5233778759347582,10
426790,Grow Up,0.298619020774566,0.5231628803637793,1
1213230,Rain on Your Parade,0.1651548269062786,0.5213041344477528,8
255070,Abyss Odyssey,0.2467237777080621,0.5210664359165401,1
580560,Hero Barrier,0.163325839053812,0.5210041381892915,8
2689230,FURRY BACKROOMS,0.17907812206813042,0.5204831103267485,8
496980,Cosmic Cavern 3671宇宙最大の地底最大の作戦,0.1684103184047773,0.5204704239198006,1
951640,Gangsta Sniper,0.17668034391352183,0.5204347474872685,8
767870,Dark Noid,0.17668034391352183,0.5204347474872685,8
728830,San Matias - Mafia City,0.17668034391352183,0.5204347474872685,8
654000,A Quick Death,0.17668034391352183,0.5204347474872685,8
484920,Full Game Upgrade,0.13223589946907738,0.5196972222154003,3
708760,Social Club VR : Casino Nights,0.21872284085709515,0.5192169211032265,12
207320,Ys: The Oath in Felghana,0.32658888345040527,0.5179272529820987,9
701750,Life on Mars Remake Demo,0.20888027997823702,0.5174431881608443,11
2262770,Garten of Banban 2,0.17668034391352183,0.5174207661374267,4
1886400,Golden Rails: Road To Klondike,0.21802361488225896,0.5157337682295002,2
1046300,Pirates Outlaws,0.21754986196782922,0.5152078146185911,3
362110,Guns'N'Zombies: N'Aliens,0.15445812169129963,0.5151553041896696,11
1093280,Ancient Stories: Gods of Egypt,0.17668034391352183,0.5140855411380622,8
765770,Forest Legends: The Call of Love Collector's Edition,0.17668034391352183,0.5140855411380622,8
572430,Party Hard 2 ,0.29353670597208664,0.5129867718486063,9
2776020,Survive the Fall Demo,0.17668034391352183,0.5122567534650319,11
3233950,Star Fire Demo,0.17668034391352183,0.5122567534650319,11
1914730,Mikoverse Playtest,0.1433470105801885,0.51189391156749,5
884080,Munchies,0.21400974848551124,0.5098550054658362,8
368990,Despair,0.1433470105801885,0.5093236363761574,8
534480,Tropical Girls VR,0.17668034391352183,0.5093236363761574,8
872580,The Neon Boy,0.20888027997823702,0.5085461886377712,8
422250,ShipLord,0.14479894614187303,0.5082987380155279,8
22230,Rock of Ages,0.29545628834118814,0.5082678677109372,1
11050,Dracula: Origin,0.24042138157063725,0.5080672283253806,1
332200,Axiom Verge,0.2612860506783057,0.5079853811038223,8
1737070,风起长安：驭骨人,0.19590145628686711,0.5079141760076893,10
839630,Survisland,0.17668034391352183,0.5072072342597552,8
714160,Walking Heavy Demo,0.2116213817965379,0.5070140255310434,11
1588910,Peppy's Adventure,0.1651548269062786,0.5063842029517314,3
425960,Tabletop Simulator - Mistfall,0.13223589946907738,0.5058881569858302,12
761910,Worbital,0.29870485406343067,0.505877209171237,3
2512200,Universe in Cum 2 💦 🌎,0.19929431882142118,0.5056212257102555,4
2119650,Convenience Stories,0.1856037981456638,0.5054682228743347,12
2757720,Sonny Legacy Collection,0.19091161107612462,0.5053621722611054,11
270110,Block Story,0.21872284085709515,0.5053100590054521,11
3077790,Banagine,0.17907812206813042,0.5051339685875593,13
1516490,CompactO - Idle Game,0.1975993840783818,0.5049081772682148,12
1155790,Dreamland Solitaire: Dragon's Fury,0.21802361488225896,0.5046226571183892,2
709470,Mirrors,0.1671769373520935,0.504443722730707,3
878970,The Block Box,0.18171855850970142,0.5039831093759787,3
1044770,Goddess of Math 数学女神,0.13223589946907738,0.5038242063423843,3
1179210,Kill It With Fire,0.27956419421443734,0.5032340172048533,12
1872680,The Knight Witch,0.29242300756982287,0.5028162970750907,8
355020,Bomb The Monsters!,0.18764849537730985,0.5024350930699024,2
708710,Defend Your Castle,0.17668034391352183,0.5024132715981163,3
1212830,Seek Girl Ⅳ,0.190497072038064,0.5021868136993017,1
1060810,The Sphere of Abyss,0.21678717396804542,0.502103150334912,11
3300850,No Such Place Playtest,0.1433470105801885,0.5019277909621565,11
258180,Deus Ex: The Fall,0.2167884341754855,0.5017533813122719,11
605180,Theory of Fear,0.17668034391352183,0.5013871284396495,8
416060,Westboro,0.19337454097165777,0.5012840534819044,11
525210,Nock: Hidden Arrow,0.17668034391352183,0.5003404893748548,11
1286880,Ship Graveyard Simulator,0.19961579629053322,0.5002381690307426,0
1061880,Conan Chop Chop,0.3124301367523495,0.5002101027634808,6
1269640,Beacon Pines,0.22732630988717242,0.5000930829146157,0
