appid,best_community_idx,best_community_id,similarity
503810,32,32,0.8218212127685547
366610,2,2,0.8121971487998962
523440,2,2,0.7935627698898315
370550,2,2,0.792273223400116
435090,2,2,0.792120635509491
418960,2,2,0.7778735756874084
21030,32,32,0.7689294815063477
108110,32,32,0.7684733271598816
1052900,2,2,0.7680644989013672
867590,27,27,0.7667460441589355
353190,32,32,0.7652077674865723
491100,2,2,0.7642319798469543
277890,32,32,0.7594326734542847
552380,2,2,0.7585129141807556
435050,7,7,0.7549189925193787
1093280,2,2,0.7533832788467407
951640,2,2,0.7522098422050476
765770,2,2,0.7411910891532898
795020,2,2,0.7401852011680603
586380,2,2,0.7350146770477295
728830,2,2,0.7333107590675354
2605980,36,36,0.7330322265625
580560,2,2,0.7328749895095825
272990,2,2,0.7266975045204163
858500,7,7,0.7262462973594666
533890,2,2,0.7221857905387878
560570,2,2,0.7217957377433777
767870,2,2,0.7149380445480347
3461920,2,2,0.7148881554603577
694160,2,2,0.7124135494232178
1418020,2,2,0.7115259170532227
628960,2,2,0.7087917327880859
685990,2,2,0.7084391713142395
1160790,23,23,0.7077421545982361
420840,2,2,0.7052521705627441
1155790,2,2,0.7034217119216919
417840,2,2,0.7011634707450867
673540,21,21,0.697937548160553
884080,2,2,0.6972091197967529
674550,27,27,0.6963456869125366
277910,36,36,0.690479040145874
1031910,2,2,0.6901180148124695
258180,34,34,0.6900200247764587
997270,21,21,0.6891303658485413
1103400,2,2,0.6864820122718811
686110,2,2,0.6862897276878357
740500,2,2,0.6852839589118958
680430,23,23,0.683878481388092
988340,2,2,0.6838061809539795
1292540,9,9,0.6832871437072754
858840,2,2,0.6821048855781555
549760,7,7,0.6808598637580872
562410,2,2,0.6805092692375183
806770,2,2,0.6804342269897461
428430,2,2,0.6798998713493347
1008610,7,7,0.6785053610801697
422250,2,2,0.6782287359237671
977210,27,27,0.6779998540878296
1008710,36,36,0.677951455116272
3323000,2,2,0.6778427958488464
1366510,2,2,0.6771731376647949
525210,27,27,0.6743528246879578
1433940,2,2,0.6727327108383179
1060810,27,27,0.6718962788581848
732370,27,27,0.6708205938339233
3300850,27,27,0.6687720417976379
325260,2,2,0.6666200757026672
701750,27,27,0.6656280755996704
209230,23,23,0.6645968556404114
391440,11,11,0.6632716059684753
894730,2,2,0.6629542708396912
578830,23,23,0.6625707745552063
334310,2,2,0.6621357798576355
264200,2,2,0.6618819832801819
2961530,2,2,0.661778450012207
1175190,23,23,0.6614311933517456
936010,2,2,0.6612499952316284
1206930,2,2,0.6595306396484375
887760,2,2,0.6587164402008057
258470,2,2,0.6586149334907532
534480,2,2,0.6584705710411072
3334280,2,2,0.6581296920776367
582810,2,2,0.6577010154724121
271850,21,21,0.6569483280181885
1107720,11,11,0.6566631197929382
1114430,2,2,0.6563203930854797
1512940,2,2,0.6561319231987
329000,36,36,0.6552084684371948
2191480,11,11,0.6548423171043396
432780,2,2,0.6544771194458008
412430,11,11,0.6527613401412964
488580,2,2,0.6516989469528198
3694360,2,2,0.6514945030212402
429720,2,2,0.651268482208252
342350,2,2,0.6510911583900452
542550,2,2,0.6509044766426086
912810,2,2,0.6508685350418091
535840,2,2,0.6499276161193848
1033580,2,2,0.648973822593689
33670,32,32,0.6489371657371521
676570,2,2,0.6479172110557556
1086160,23,23,0.6478632688522339
13530,1,1,0.6475595235824585
697490,2,2,0.647516131401062
2179290,2,2,0.6471461653709412
538100,2,2,0.6468720436096191
386050,2,2,0.6466661691665649
523940,2,2,0.6464985013008118
330950,2,2,0.645926833152771
355020,12,12,0.6455967426300049
406220,27,27,0.6451333165168762
657590,2,2,0.6438750624656677
416310,12,12,0.6436867713928223
700160,2,2,0.6432115435600281
487730,2,2,0.6429608464241028
1031120,32,32,0.6427328586578369
1649290,2,2,0.6424522995948792
562210,2,2,0.6421809196472168
516000,7,7,0.6416991949081421
1225780,36,36,0.6402664184570312
1577670,2,2,0.6401193141937256
353740,2,2,0.6399240493774414
3080880,27,27,0.6392683386802673
2171630,2,2,0.638691782951355
1722310,2,2,0.63866126537323
415900,2,2,0.6382805109024048
655360,2,2,0.6380173563957214
219070,2,2,0.6376968622207642
461180,2,2,0.6376330256462097
1917850,2,2,0.6372863054275513
1356480,2,2,0.6364485025405884
513320,32,32,0.6361976265907288
1485900,2,2,0.6359642148017883
265970,32,32,0.6355732083320618
950700,2,2,0.6348868608474731
679770,2,2,0.6348358988761902
946030,2,2,0.6342964172363281
2351120,23,23,0.6337775588035583
680390,2,2,0.6335015296936035
1007810,36,36,0.6334756016731262
200190,7,7,0.6331883072853088
993400,2,2,0.6327738761901855
681240,23,23,0.6321783661842346
990390,2,2,0.6319524049758911
637110,2,2,0.6317195296287537
1996210,36,36,0.6314346194267273
1012560,9,9,0.6310269236564636
1161870,2,2,0.6307993531227112
2216130,36,36,0.6306372880935669
513210,2,2,0.6306120157241821
1074340,2,2,0.6302217245101929
33760,2,2,0.6298874616622925
1195290,11,11,0.6295864582061768
573730,10,10,0.6289696097373962
1149590,12,12,0.6275012493133545
1305730,2,2,0.627099871635437
467390,2,2,0.6265615224838257
433300,27,27,0.6263737678527832
404860,2,2,0.6254282593727112
370570,2,2,0.6253236532211304
2844500,2,2,0.625063419342041
2110820,2,2,0.6245776414871216
1737070,36,36,0.6242365837097168
879050,27,27,0.6239563226699829
493600,7,7,0.623591423034668
513590,7,7,0.6230104565620422
1120320,2,2,0.6224098205566406
1485350,2,2,0.6220311522483826
1120370,36,36,0.6217759251594543
1961300,2,2,0.6212633848190308
630460,2,2,0.6212483048439026
2412490,23,23,0.6206588745117188
919370,27,27,0.6196121573448181
876140,2,2,0.6195762753486633
2296400,23,23,0.6192260980606079
773490,7,7,0.6189237236976624
655290,2,2,0.6188128590583801
595080,2,2,0.6185570955276489
566190,23,23,0.6184863448143005
1020470,2,2,0.6181604862213135
849100,2,2,0.6163614392280579
555950,23,23,0.6160215139389038
399520,2,2,0.6159892082214355
690260,7,7,0.6151959300041199
697960,7,7,0.6144151091575623
544650,2,2,0.6142083406448364
857480,2,2,0.6140323281288147
606890,7,7,0.6138241291046143
674170,2,2,0.6136916279792786
1097130,2,2,0.6132745742797852
1140890,27,27,0.6132611036300659
270110,9,9,0.6132528781890869
622200,27,27,0.6121425032615662
733950,36,36,0.611930787563324
998790,11,11,0.6118616461753845
809950,2,2,0.6118447780609131
1196390,2,2,0.6115313768386841
554560,2,2,0.6115313768386841
1365900,2,2,0.6109285950660706
724030,2,2,0.6109259724617004
1367510,2,2,0.6109039187431335
457580,2,2,0.6104305386543274
325210,23,23,0.610230028629303
532170,2,2,0.6100694537162781
382560,2,2,0.6099088191986084
908310,2,2,0.6098719835281372
1336040,2,2,0.6095893383026123
1933980,11,11,0.609307050704956
945590,2,2,0.6089286804199219
236010,2,2,0.607705295085907
284730,23,23,0.6075875163078308
525300,23,23,0.6073521375656128
1239690,2,2,0.6068175435066223
741670,21,21,0.606660008430481
596030,23,23,0.6066213250160217
714160,21,21,0.6064013838768005
1878970,2,2,0.6062369346618652
605180,2,2,0.6051473021507263
2572560,2,2,0.6050873398780823
2159670,11,11,0.6049866676330566
264840,36,36,0.6049343347549438
1816950,2,2,0.6043493747711182
915490,7,7,0.6043084263801575
519160,2,2,0.6038762927055359
2881800,11,11,0.6038674712181091
1286880,2,2,0.6036472916603088
3320800,2,2,0.6035420298576355
949480,23,23,0.6033096313476562
276360,2,2,0.603132963180542
2191490,11,11,0.6031323671340942
921520,9,9,0.6027112603187561
416060,2,2,0.6025416851043701
395900,2,2,0.6025217175483704
2102490,11,11,0.6024560332298279
696160,11,11,0.6023080945014954
328730,2,2,0.6021263599395752
2255190,2,2,0.6017187833786011
766150,7,7,0.6016318798065186
1451720,2,2,0.6014481782913208
1164850,2,2,0.6011838316917419
1116290,2,2,0.6004530191421509
1286330,36,36,0.6003667116165161
805420,2,2,0.60001140832901
1337890,36,36,0.5998011827468872
1073770,36,36,0.5996851921081543
204860,32,32,0.5994486808776855
871510,2,2,0.5991273522377014
1030360,2,2,0.5991166234016418
696920,27,27,0.5984745621681213
425940,2,2,0.598366379737854
1274600,2,2,0.5980446338653564
1163460,27,27,0.5978623032569885
3103820,36,36,0.5975731015205383
406120,2,2,0.5972299575805664
262230,11,11,0.5972058773040771
682550,36,36,0.5970859527587891
1457620,5,5,0.5968931317329407
568830,7,7,0.596522331237793
2260930,2,2,0.5964944958686829
513620,23,23,0.5963298678398132
3391500,36,36,0.5961870551109314
2776940,27,27,0.5960657596588135
776490,27,27,0.5956361293792725
763090,7,7,0.5951575636863708
396060,2,2,0.5948792099952698
395860,2,2,0.5948336720466614
357780,7,7,0.5947939157485962
540860,23,23,0.5946366786956787
880580,23,23,0.5945483446121216
965890,2,2,0.5944217443466187
2085040,2,2,0.5941824913024902
630870,2,2,0.593784749507904
2579840,2,2,0.5934264063835144
328790,21,21,0.5931406617164612
635390,2,2,0.5930758118629456
2590810,21,21,0.5928522348403931
326380,2,2,0.5928125977516174
2856370,7,7,0.5925492644309998
1141550,2,2,0.5921034216880798
1098280,2,2,0.5919842720031738
386930,2,2,0.5917863249778748
1984020,27,27,0.5917109847068787
844850,27,27,0.5915441513061523
598700,27,27,0.5913844704627991
347600,27,27,0.5913472771644592
702110,23,23,0.5909522175788879
340580,2,2,0.5909318327903748
457860,2,2,0.5909082293510437
1024630,2,2,0.5908792614936829
436910,2,2,0.590707540512085
3039500,36,36,0.5905632972717285
38120,2,2,0.5904563665390015
355630,2,2,0.5903034806251526
502470,23,23,0.5899495482444763
1640630,12,12,0.5899490714073181
584370,2,2,0.5898458361625671
2375040,2,2,0.5898275971412659
1136440,2,2,0.5892201066017151
1478970,27,27,0.5890828967094421
2169120,36,36,0.5889981389045715
856100,2,2,0.5887147784233093
296830,32,32,0.5886886119842529
2427100,11,11,0.5886488556861877
447690,2,2,0.5885390639305115
2653940,23,23,0.5880088806152344
648780,7,7,0.5875729322433472
846050,21,21,0.5874667763710022
393530,36,36,0.5870810747146606
1720090,2,2,0.5870770812034607
1372910,2,2,0.5869733691215515
2092660,2,2,0.5869407653808594
3172450,2,2,0.5869355201721191
2497210,21,21,0.586884617805481
3496450,7,7,0.5864290595054626
225270,7,7,0.5863692164421082
2802110,23,23,0.5862289071083069
1160020,27,27,0.5861755609512329
784050,2,2,0.5861535668373108
294590,32,32,0.5860929489135742
726830,2,2,0.585930585861206
3160580,21,21,0.585860013961792
1046300,11,11,0.5855607986450195
343070,2,2,0.5849050283432007
1782330,2,2,0.5834628343582153
1277950,2,2,0.5833992958068848
1730140,27,27,0.5832321643829346
875240,2,2,0.5830696821212769
1191580,36,36,0.5829627513885498
624270,23,23,0.58212810754776
2424390,2,2,0.581961452960968
1393320,2,2,0.5818989872932434
383140,2,2,0.5818578600883484
1741880,2,2,0.5814648866653442
1074610,2,2,0.5813303589820862
2475420,21,21,0.5812870860099792
2891310,27,27,0.5811496376991272
1424860,7,7,0.5809870958328247
1759350,2,2,0.580944836139679
801070,2,2,0.5805042386054993
796920,2,2,0.5805042386054993
806530,27,27,0.5803276896476746
1097300,2,2,0.5801301002502441
1321590,2,2,0.5799534916877747
2918550,36,36,0.5797374248504639
38170,2,2,0.5796211957931519
1016770,23,23,0.5794677138328552
2891870,2,2,0.5793889760971069
1255650,2,2,0.5793511271476746
654600,2,2,0.5790637731552124
1510070,7,7,0.5790126919746399
1804010,27,27,0.5787113308906555
598600,2,2,0.5786680579185486
664830,2,2,0.578313946723938
791180,9,9,0.5780590176582336
1395560,2,2,0.5772599577903748
745010,27,27,0.5762751698493958
1354910,23,23,0.575922966003418
2055410,2,2,0.5757245421409607
1740300,27,27,0.5756847262382507
3152590,2,2,0.5756726264953613
1552310,2,2,0.5753803253173828
1092000,36,36,0.5753389596939087
1034810,36,36,0.575280487537384
551630,21,21,0.5752421617507935
828070,36,36,0.5751373171806335
233270,1,1,0.5750389099121094
382140,23,23,0.5748987197875977
613420,2,2,0.5747368931770325
1366150,7,7,0.5735796689987183
397160,11,11,0.5734342932701111
485390,36,36,0.5733373165130615
555970,2,2,0.5728765726089478
1621070,2,2,0.5728582739830017
1428470,7,7,0.5727750658988953
3454530,2,2,0.5724026560783386
964440,2,2,0.5723415017127991
260570,7,7,0.5721762180328369
437100,2,2,0.5721049904823303
616040,2,2,0.5719977021217346
1565660,2,2,0.5719131231307983
354380,2,2,0.5718749165534973
257750,2,2,0.5718396306037903
552270,2,2,0.5716260671615601
215020,1,1,0.5716256499290466
1166290,11,11,0.5715454816818237
908790,2,2,0.5712965130805969
285480,23,23,0.5712780356407166
724580,11,11,0.5712260007858276
2720270,11,11,0.5711600184440613
3108790,11,11,0.5710924863815308
741430,2,2,0.5709137916564941
1547860,2,2,0.5708550810813904
684430,2,2,0.5708059072494507
924750,2,2,0.5706615447998047
878670,23,23,0.5700424313545227
2772990,2,2,0.5696362853050232
3468150,2,2,0.5694935321807861
2093010,2,2,0.5694210529327393
1411030,2,2,0.569402813911438
1218360,36,36,0.569080114364624
1278150,2,2,0.5688941478729248
2248430,36,36,0.5686725974082947
2512930,2,2,0.5686100125312805
654850,2,2,0.5685335397720337
400510,2,2,0.5681781768798828
3158480,2,2,0.5678786039352417
3214000,36,36,0.5677395462989807
1372320,2,2,0.567459225654602
1700270,2,2,0.5670084357261658
554000,27,27,0.5670053958892822
410120,7,7,0.5669910311698914
300970,2,2,0.5667939782142639
317590,21,21,0.5662607550621033
1711400,2,2,0.5658173561096191
3501610,21,21,0.5657259821891785
669440,2,2,0.5656768679618835
301670,2,2,0.565604567527771
506500,2,2,0.5654625296592712
325090,27,27,0.5653175711631775
340460,7,7,0.5650898814201355
2228280,21,21,0.5649687647819519
1647190,11,11,0.5643981695175171
2804680,2,2,0.5643506050109863
1072390,2,2,0.5642970204353333
2019920,2,2,0.5642892718315125
1234520,2,2,0.5641618967056274
2304180,23,23,0.5637115240097046
272860,2,2,0.563693642616272
922320,2,2,0.5636637806892395
592330,2,2,0.56339430809021
1098080,2,2,0.5631753206253052
228400,2,2,0.5627893209457397
404690,2,2,0.5624495148658752
3053820,36,36,0.5623697638511658
2554700,11,11,0.5619527101516724
1669490,2,2,0.5618046522140503
2141520,27,27,0.5617121458053589
583760,23,23,0.5612809658050537
298480,21,21,0.5610392093658447
2710900,2,2,0.5606973171234131
1053710,36,36,0.5596623420715332
3323590,21,21,0.5595391988754272
3154850,21,21,0.5595391988754272
2522270,11,11,0.5594755411148071
2747040,27,27,0.5592824816703796
289340,21,21,0.559282124042511
1797930,2,2,0.5585344433784485
2715650,36,36,0.5583474636077881
2504380,23,23,0.5582706928253174
1497360,23,23,0.5581082105636597
1507120,2,2,0.5574740171432495
668630,2,2,0.5573572516441345
1077320,2,2,0.5571884512901306
1065970,27,27,0.5567358136177063
765230,2,2,0.5565090775489807
1872680,2,2,0.556325376033783
17440,32,32,0.5562126636505127
2192900,2,2,0.5561204552650452
1801860,2,2,0.5557950139045715
65700,21,21,0.5551549196243286
577670,2,2,0.5549535155296326
2429310,27,27,0.5546154975891113
729000,36,36,0.5545755624771118
1948450,23,23,0.5542203187942505
1419870,23,23,0.5539588928222656
2093920,27,27,0.553631067276001
3043310,2,2,0.5535366535186768
2081400,31,31,0.5534690618515015
589100,2,2,0.5528035163879395
1078760,23,23,0.5527892112731934
2708450,2,2,0.5527802109718323
1959480,27,27,0.5527119040489197
2367610,2,2,0.5524135231971741
46500,2,2,0.5522640347480774
2196980,36,36,0.5520703792572021
844750,2,2,0.5520438551902771
3718700,36,36,0.551900327205658
2636420,2,2,0.5517251491546631
518920,2,2,0.5515491962432861
452060,2,2,0.5514551997184753
726360,23,23,0.5513520836830139
32640,2,2,0.5507127046585083
1013540,2,2,0.550708532333374
1118840,2,2,0.5505020022392273
1608640,2,2,0.5500794649124146
365770,2,2,0.5498493909835815
946790,21,21,0.5494356155395508
1328920,36,36,0.5493108630180359
836770,2,2,0.5492826104164124
1601970,2,2,0.5490530133247375
1271090,2,2,0.5490154027938843
1684670,2,2,0.5489474534988403
1144020,21,21,0.5487135648727417
3219650,2,2,0.5485826134681702
397420,2,2,0.5485457181930542
1588340,7,7,0.5485209822654724
2337460,2,2,0.5482483506202698
1271750,36,36,0.5481462478637695
563200,21,21,0.5480973720550537
1226310,2,2,0.5480450391769409
3596390,27,27,0.5477472543716431
505070,23,23,0.5477191209793091
1490410,36,36,0.5476764440536499
1461800,2,2,0.5475433468818665
251850,23,23,0.5472301244735718
730830,1,1,0.5471982955932617
2324110,2,2,0.5469738841056824
1377150,2,2,0.5466150641441345
1844130,11,11,0.5465984344482422
754520,2,2,0.5458155274391174
1739300,2,2,0.5458123087882996
1613770,36,36,0.5457556247711182
864700,2,2,0.5454177260398865
891200,2,2,0.5453922152519226
1186740,2,2,0.5452799201011658
265210,2,2,0.5452759861946106
3494930,21,21,0.5446427464485168
1422420,2,2,0.5445314645767212
372480,36,36,0.5441537499427795
3391050,36,36,0.5438612699508667
2532430,2,2,0.5438427329063416
1148560,2,2,0.5436400175094604
717640,2,2,0.543249785900116
568580,2,2,0.5431068539619446
1470110,2,2,0.543083131313324
3572870,23,23,0.543053925037384
57600,21,21,0.542770504951477
1762270,7,7,0.5427684187889099
97120,21,21,0.5427308082580566
422910,21,21,0.5426821112632751
3034720,2,2,0.5425875782966614
448530,2,2,0.5418110489845276
598990,23,23,0.5418077707290649
673900,2,2,0.5417768359184265
952150,36,36,0.5416833162307739
510680,2,2,0.5415242314338684
2650630,2,2,0.5411806702613831
1161900,2,2,0.5410735011100769
1236240,2,2,0.5408807396888733
2626620,36,36,0.5407790541648865
801480,2,2,0.5404057502746582
2111020,21,21,0.5402711033821106
1040460,2,2,0.5402345061302185
792000,7,7,0.5402235984802246
3029830,36,36,0.5401923656463623
317360,2,2,0.5400113463401794
2814610,27,27,0.5395417809486389
1025140,2,2,0.5394068956375122
11550,7,7,0.5391768217086792
1859470,2,2,0.5391296744346619
461880,2,2,0.5391180515289307
296790,2,2,0.5388070344924927
2398180,2,2,0.538112998008728
3475100,11,11,0.5375961065292358
262100,2,2,0.5375706553459167
828580,23,23,0.5372861623764038
3392420,2,2,0.5372505784034729
620220,27,27,0.5372079610824585
783180,36,36,0.5370804071426392
614260,2,2,0.537055253982544
395200,2,2,0.5370141863822937
2435900,2,2,0.5369666218757629
1239020,36,36,0.5368378162384033
791500,7,7,0.5368263125419617
1402480,27,27,0.5368177890777588
2423470,2,2,0.5365698337554932
338300,2,2,0.5363951921463013
3399040,2,2,0.5363759994506836
1325270,2,2,0.536354660987854
2169110,23,23,0.5361599326133728
1350840,36,36,0.5360950231552124
3275600,23,23,0.5360903143882751
255070,23,23,0.5360775589942932
824000,34,34,0.5357340574264526
1225070,2,2,0.5356827974319458
5210,23,23,0.5355195999145508
237700,23,23,0.5355195999145508
22700,23,23,0.5355195999145508
1161640,36,36,0.5354607701301575
746710,2,2,0.5354282259941101
3508710,11,11,0.5353468656539917
3083300,11,11,0.5351062417030334
1880380,23,23,0.535061776638031
1688320,36,36,0.5350110530853271
2795000,7,7,0.5346706509590149
1138840,23,23,0.5344842672348022
398850,2,2,0.5343254804611206
673850,2,2,0.5341744422912598
1707900,2,2,0.5337129235267639
17500,2,2,0.5335774421691895
1265780,23,23,0.5333909392356873
2648050,2,2,0.5331828594207764
1843540,2,2,0.5328744649887085
1938050,36,36,0.5327750444412231
609920,2,2,0.5326229929924011
3169580,36,36,0.5324637293815613
955870,11,11,0.5323745608329773
23380,27,27,0.5323711633682251
2914470,36,36,0.5323083996772766
1067540,2,2,0.5322452187538147
2612700,11,11,0.5320785045623779
3092450,23,23,0.5316756963729858
2234150,23,23,0.5315420627593994
26170,23,23,0.5314928293228149
1788850,36,36,0.5314705967903137
1135260,2,2,0.5313289761543274
521200,27,27,0.531325101852417
1617090,2,2,0.5310567617416382
423950,1,1,0.5303469896316528
3487060,2,2,0.5303136110305786
2994910,2,2,0.5302849411964417
370280,2,2,0.529928982257843
464400,2,2,0.5298553109169006
1926620,2,2,0.5297470092773438
1272030,2,2,0.5295047760009766
3175720,36,36,0.5294492244720459
2231770,1,1,0.5293770432472229
467210,2,2,0.5292835235595703
513330,21,21,0.5290901064872742
2154230,11,11,0.5290883779525757
959150,21,21,0.5289866328239441
699850,21,21,0.5288295149803162
776030,36,36,0.5287166237831116
32660,32,32,0.528519332408905
1098270,2,2,0.5284993052482605
370060,11,11,0.5281177759170532
422920,21,21,0.5279824137687683
2801930,11,11,0.5278966426849365
1003090,21,21,0.5275671482086182
1774100,2,2,0.5270515084266663
1895860,36,36,0.526854932308197
1454160,23,23,0.5267801284790039
102600,1,1,0.5266580581665039
2095890,2,2,0.5264080166816711
1058060,36,36,0.5263686180114746
937940,32,32,0.5263400077819824
218510,21,21,0.5262916088104248
2993680,27,27,0.5259659290313721
1290280,36,36,0.525895893573761
1151050,2,2,0.5254543423652649
2371130,2,2,0.5252156257629395
339120,2,2,0.5251907706260681
2276980,21,21,0.5251862406730652
1245430,2,2,0.5251666307449341
2400160,7,7,0.5246850848197937
3133180,2,2,0.5245679616928101
665370,2,2,0.5242040157318115
3980,21,21,0.5241543650627136
312720,7,7,0.5240898728370667
1781030,36,36,0.5240713953971863
390470,2,2,0.5240707993507385
658700,23,23,0.5238766074180603
40350,2,2,0.5233983397483826
864060,2,2,0.5232332348823547
2348680,36,36,0.5232192873954773
234350,7,7,0.5231763124465942
1096550,2,2,0.5227035284042358
1058710,21,21,0.5225067734718323
1089790,2,2,0.5224753618240356
2832320,21,21,0.5222679972648621
315630,36,36,0.522205114364624
1503790,27,27,0.5220469236373901
1407870,2,2,0.5218107104301453
809310,21,21,0.5216410756111145
2720290,2,2,0.5215863585472107
207790,21,21,0.5212661027908325
1696670,2,2,0.5208125114440918
1335530,2,2,0.5207628607749939
247950,34,34,0.5201430320739746
2004640,27,27,0.5199670195579529
333320,36,36,0.5198798775672913
2394650,27,27,0.5197450518608093
2296100,2,2,0.5196419358253479
1269640,2,2,0.5194584727287292
1582650,2,2,0.5194098949432373
2783610,27,27,0.5191380381584167
1279380,27,27,0.518753170967102
454350,34,34,0.5187282562255859
1324270,21,21,0.5185313820838928
556260,2,2,0.5183535218238831
1004270,36,36,0.518268346786499
1402020,2,2,0.5182313323020935
365160,2,2,0.5182101726531982
3222970,2,2,0.5180814266204834
1693000,21,21,0.5179993510246277
652980,2,2,0.517913818359375
2137470,7,7,0.5178508162498474
3449620,23,23,0.5177311897277832
1433570,2,2,0.5176498293876648
607540,23,23,0.5176383852958679
389440,2,2,0.517600953578949
1060210,32,32,0.5175620913505554
2183600,32,32,0.5174707770347595
331480,9,9,0.5172982811927795
666620,27,27,0.5172217488288879
601810,2,2,0.5172195434570312
847110,2,2,0.5171504616737366
1803960,27,27,0.5170444250106812
877180,2,2,0.5169581770896912
2150330,2,2,0.5167812705039978
39650,30,30,0.5165441632270813
328900,2,2,0.5161993503570557
2384690,21,21,0.5161759853363037
1339310,27,27,0.5160004496574402
1224700,27,27,0.5159811973571777
3217360,7,7,0.5159519910812378
1354230,2,2,0.5158514380455017
346750,36,36,0.5154914855957031
2218970,27,27,0.5152414441108704
618950,2,2,0.5147355794906616
115800,1,1,0.514668881893158
466490,2,2,0.5146408081054688
1747670,2,2,0.5144339799880981
1545450,2,2,0.514360249042511
1344840,36,36,0.5143522620201111
2967500,2,2,0.5143240094184875
1528080,2,2,0.5143173336982727
3276490,11,11,0.514306902885437
1591420,2,2,0.5139258503913879
2769210,36,36,0.5136061310768127
1907000,27,27,0.5135740041732788
612510,7,7,0.5135231614112854
1060820,2,2,0.51323401927948
37940,23,23,0.5130900740623474
364530,23,23,0.5130900740623474
320000,23,23,0.5130900740623474
716390,23,23,0.5130900740623474
1326880,23,23,0.5130900740623474
350820,23,23,0.5130900740623474
396740,23,23,0.5130900740623474
10040,23,23,0.5130900740623474
2967920,11,11,0.5128526091575623
600080,2,2,0.5128064155578613
1207590,21,21,0.512662947177887
698540,11,11,0.5125023722648621
94590,2,2,0.5123995542526245
377950,2,2,0.5122042894363403
2603020,21,21,0.5120461583137512
2438230,11,11,0.5115978717803955
1305080,2,2,0.5115641951560974
2595130,11,11,0.5114192366600037
3118290,2,2,0.5113369226455688
1212830,27,27,0.511224091053009
1036740,27,27,0.5109654068946838
2512200,2,2,0.5109291076660156
854570,2,2,0.5109152793884277
30010,23,23,0.5106198787689209
3457180,2,2,0.5104829668998718
294440,7,7,0.510272741317749
1067860,21,21,0.5100480318069458
1296770,2,2,0.5098149180412292
1127110,7,7,0.5093820691108704
1946140,11,11,0.5093072652816772
1055990,36,36,0.5090276002883911
440420,2,2,0.508988082408905
1409830,23,23,0.5088658928871155
2941730,2,2,0.50885409116745
2292060,27,27,0.5088199377059937
1057700,2,2,0.5088000893592834
519540,2,2,0.5087247490882874
292930,30,30,0.5085363388061523
2351860,27,27,0.5082969665527344
2385720,2,2,0.5082365870475769
1506850,7,7,0.508164644241333
2905790,2,2,0.5081332325935364
11130,32,32,0.5079221725463867
402040,2,2,0.5077512264251709
1773210,23,23,0.5075417757034302
2063680,7,7,0.5075151920318604
1980210,2,2,0.5072588920593262
2775370,2,2,0.506203293800354
2877540,27,27,0.5059975385665894
1417770,27,27,0.5059636235237122
9300,1,1,0.5057476758956909
1270100,21,21,0.5055271983146667
2411980,2,2,0.5055033564567566
1439750,21,21,0.5054540634155273
292910,23,23,0.5054101347923279
1137300,23,23,0.5053939819335938
2087460,11,11,0.5049469470977783
3089130,2,2,0.5048821568489075
3116360,2,2,0.5048342347145081
2179170,2,2,0.5047903060913086
2309400,27,27,0.504631519317627
247750,1,1,0.50458824634552
1471410,2,2,0.5045453310012817
889530,2,2,0.5045163631439209
1917920,2,2,0.5044723153114319
366320,1,1,0.5044325590133667
438560,27,27,0.5044117569923401
2155480,2,2,0.5042705535888672
292240,2,2,0.5042363405227661
380060,23,23,0.503659725189209
748090,23,23,0.503659725189209
4540,23,23,0.503659725189209
381650,23,23,0.503659725189209
286480,2,2,0.5035555958747864
1249040,2,2,0.5033916234970093
832540,7,7,0.5033431053161621
2191080,2,2,0.5031350255012512
2867410,2,2,0.5028812289237976
2445990,36,36,0.5025045871734619
2658720,36,36,0.5024701952934265
645320,23,23,0.5023375749588013
458480,2,2,0.5022540092468262
440030,21,21,0.5021688938140869
1461770,27,27,0.5021227598190308
926520,7,7,0.5020985007286072
2334170,2,2,0.501878023147583
218640,34,34,0.5017289519309998
747340,2,2,0.5015255808830261
510660,12,12,0.5014835596084595
3368490,23,23,0.5014535188674927
485670,2,2,0.5012866258621216
336940,2,2,0.5010491013526917
1865370,2,2,0.5003562569618225
2963890,27,27,0.500343382358551
1373350,27,27,0.5002692937850952
2374190,2,2,0.5001938343048096
1163870,2,2,0.5001487135887146
674750,2,2,0.4997626543045044
1456820,2,2,0.4994886815547943
294660,2,2,0.49946317076683044
3076620,11,11,0.499404639005661
225000,2,2,0.49936866760253906
990900,2,2,0.49933379888534546
805610,2,2,0.499112606048584
529640,27,27,0.4987291097640991
282760,2,2,0.49871712923049927
2130000,27,27,0.49856510758399963
2361570,27,27,0.4985629618167877
2193720,27,27,0.49836546182632446
338160,21,21,0.4981856346130371
1108830,36,36,0.49815741181373596
1957330,2,2,0.4979269504547119
1524790,36,36,0.4979228675365448
1160950,36,36,0.4978555738925934
3267910,2,2,0.49744924902915955
712730,2,2,0.49743953347206116
2267180,23,23,0.49726614356040955
2549090,2,2,0.4968733787536621
1930750,23,23,0.4967939257621765
234670,1,1,0.4967697560787201
528460,36,36,0.49674299359321594
252370,2,2,0.4965338408946991
963770,2,2,0.4962053894996643
1450120,23,23,0.4961799085140228
1082430,27,27,0.4961613416671753
1235110,36,36,0.49583613872528076
2201710,27,27,0.49577492475509644
658530,23,23,0.49569547176361084
491790,2,2,0.49560096859931946
633060,23,23,0.49539536237716675
793600,2,2,0.49522554874420166
286000,7,7,0.4951969385147095
2413830,36,36,0.4950917363166809
587100,27,27,0.4947526156902313
1303580,21,21,0.49448156356811523
332800,32,32,0.49434009194374084
2165470,2,2,0.49426543712615967
2682580,2,2,0.4942515790462494
2283300,1,1,0.49388372898101807
1392820,2,2,0.4938824772834778
804490,2,2,0.49381035566329956
832360,11,11,0.4934654235839844
791510,23,23,0.4933420419692993
2639810,27,27,0.4931084215641022
1905020,2,2,0.4930868446826935
2720700,2,2,0.49307724833488464
2318070,2,2,0.4928174614906311
828660,21,21,0.49276718497276306
3037490,23,23,0.49273917078971863
1363690,21,21,0.4926941692829132
37240,2,2,0.49248823523521423
556640,27,27,0.4924130439758301
400990,23,23,0.492256760597229
251610,23,23,0.492256760597229
207270,23,23,0.492256760597229
289120,23,23,0.492256760597229
24860,23,23,0.492256760597229
372260,23,23,0.492256760597229
245850,23,23,0.492256760597229
1242980,2,2,0.4921708405017853
215120,36,36,0.49205848574638367
809850,11,11,0.49199509620666504
588220,23,23,0.4917529225349426
1495860,2,2,0.4917294979095459
658890,2,2,0.4916887879371643
250180,23,23,0.4916762113571167
365620,21,21,0.49127426743507385
1098130,9,9,0.4908488392829895
1426490,27,27,0.49061596393585205
1039960,23,23,0.49058371782302856
33530,21,21,0.4904790222644806
539290,2,2,0.49045151472091675
346250,2,2,0.4904216527938843
1829520,27,27,0.49041882157325745
3677410,27,27,0.4902949929237366
2129620,23,23,0.490060955286026
487430,27,27,0.48985764384269714
1268110,36,36,0.4893566370010376
511490,27,27,0.48930808901786804
1344740,2,2,0.4892882704734802
1440440,2,2,0.489104300737381
1291340,2,2,0.4890461266040802
1288900,2,2,0.4888264238834381
2067050,23,23,0.4887312650680542
1406990,11,11,0.4886991083621979
1738990,11,11,0.4885851740837097
3011440,23,23,0.4882005453109741
1391200,23,23,0.48813149333000183
3113870,2,2,0.48773449659347534
576960,10,10,0.48754626512527466
3378000,36,36,0.48740169405937195
908730,21,21,0.4872664213180542
1225590,30,30,0.4870375692844391
2078510,23,23,0.48700228333473206
866020,2,2,0.48693931102752686
689790,7,7,0.4867636561393738
416210,21,21,0.486284464597702
931690,2,2,0.4862031638622284
1236780,27,27,0.4861251413822174
2223810,21,21,0.48602423071861267
2143170,2,2,0.4858960211277008
591990,2,2,0.4858357906341553
582980,27,27,0.48558974266052246
1428560,2,2,0.48538240790367126
645790,21,21,0.4850112199783325
2074910,11,11,0.4845016598701477
2820,21,21,0.48439010977745056
844900,2,2,0.48427504301071167
1680700,2,2,0.4841516613960266
508300,23,23,0.4841291308403015
2400640,2,2,0.4839639663696289
440430,7,7,0.4839634895324707
2722210,27,27,0.48389965295791626
1338330,2,2,0.4838046729564667
1767750,27,27,0.4837929308414459
2420900,2,2,0.48376357555389404
547680,36,36,0.4836733043193817
1358830,21,21,0.48358917236328125
2717850,2,2,0.48334968090057373
12140,2,2,0.48305949568748474
1850360,2,2,0.48305949568748474
433290,2,2,0.48305949568748474
781350,2,2,0.48305949568748474
3114940,2,2,0.48305949568748474
939700,2,2,0.48305949568748474
200880,2,2,0.48305949568748474
318240,2,2,0.48305949568748474
2955370,2,2,0.48305949568748474
1841240,23,23,0.4829379916191101
654550,7,7,0.4827847182750702
1648560,36,36,0.482666939496994
626680,2,2,0.48240864276885986
20550,30,30,0.4821971654891968
2718010,2,2,0.48209667205810547
694500,21,21,0.4818462133407593
1273710,2,2,0.48182326555252075
1429850,1,1,0.4812869131565094
2473640,11,11,0.4812382459640503
1161830,36,36,0.48120900988578796
370360,2,2,0.4810015857219696
420290,12,12,0.48065847158432007
2561360,23,23,0.4806182086467743
743230,11,11,0.48033472895622253
1115780,7,7,0.48029544949531555
2237970,21,21,0.48022666573524475
1389360,21,21,0.4801989793777466
438920,11,11,0.4800645709037781
587670,23,23,0.479884535074234
533830,23,23,0.479884535074234
2520870,2,2,0.47913533449172974
3550980,2,2,0.47909486293792725
1986840,36,36,0.47889941930770874
975550,2,2,0.47869691252708435
1171270,27,27,0.4786456227302551
754530,21,21,0.47852760553359985
1315200,1,1,0.4781506657600403
1587540,36,36,0.4775247573852539
819790,36,36,0.4772895276546478
684270,2,2,0.47707611322402954
1295790,2,2,0.47696834802627563
348950,11,11,0.47690296173095703
405930,2,2,0.47674238681793213
1883000,11,11,0.4767078459262848
2800900,21,21,0.47587624192237854
225260,1,1,0.47586825489997864
1896900,11,11,0.4751836359500885
1580520,27,27,0.4750213921070099
391820,2,2,0.4746953248977661
657230,2,2,0.4746539890766144
231200,2,2,0.47441014647483826
3002280,36,36,0.47432413697242737
1933490,2,2,0.474290668964386
7830,21,21,0.4742847979068756
2609610,2,2,0.4738757610321045
900010,36,36,0.47371208667755127
222980,27,27,0.4734443128108978
281640,1,1,0.47330647706985474
3136420,21,21,0.47319042682647705
1828690,2,2,0.47261953353881836
1962430,36,36,0.4725523293018341
1157740,2,2,0.47217345237731934
1165850,2,2,0.47175851464271545
381240,2,2,0.4716988503932953
3089150,2,2,0.47156932950019836
1570830,11,11,0.4707198739051819
1015610,2,2,0.47062844038009644
999220,2,2,0.4703769087791443
931950,21,21,0.4697674810886383
783050,2,2,0.46898019313812256
917870,2,2,0.4688407778739929
713070,2,2,0.46877890825271606
2391900,2,2,0.468563973903656
541670,2,2,0.46831026673316956
770070,36,36,0.4680728614330292
2130460,31,31,0.4680189788341522
298520,30,30,0.46733522415161133
1668720,11,11,0.46721547842025757
1341170,21,21,0.46718090772628784
1018000,27,27,0.46700382232666016
3009990,11,11,0.4669010639190674
1443440,1,1,0.4668806195259094
1637230,27,27,0.466531902551651
1629530,2,2,0.4661825895309448
210470,30,30,0.4661153554916382
1159290,27,27,0.4656349718570709
1055010,23,23,0.46520376205444336
383840,2,2,0.4650490880012512
1882240,23,23,0.46481573581695557
2582730,21,21,0.4647226333618164
734580,2,2,0.4647136330604553
1441570,7,7,0.46465498208999634
579940,21,21,0.4644795358181
2304640,2,2,0.4644215404987335
546050,2,2,0.4642488956451416
2322440,21,21,0.463854044675827
1136330,36,36,0.4638296663761139
2937910,2,2,0.46369537711143494
262150,27,27,0.463591605424881
1224290,36,36,0.46334001421928406
461840,2,2,0.4630297124385834
2834910,2,2,0.4627414345741272
1012840,2,2,0.4626920521259308
107310,27,27,0.462671160697937
501470,2,2,0.46235746145248413
261110,1,1,0.46235334873199463
42850,21,21,0.46220967173576355
1051420,21,21,0.4621337652206421
2061440,21,21,0.46206924319267273
1611430,27,27,0.46202388405799866
437990,23,23,0.46200820803642273
72300,23,23,0.46200820803642273
7880,23,23,0.46200820803642273
1865930,21,21,0.46185338497161865
1902490,12,12,0.46150702238082886
1671410,2,2,0.4611479938030243
557340,2,2,0.46105533838272095
407190,21,21,0.46104463934898376
1374990,2,2,0.4609833359718323
1280260,23,23,0.46093639731407166
1892700,36,36,0.4608795940876007
3494500,36,36,0.4608249068260193
1043230,27,27,0.46003520488739014
915330,2,2,0.460010826587677
266430,2,2,0.4598821699619293
1202910,2,2,0.45977407693862915
1283190,7,7,0.45972853899002075
531180,32,32,0.45966431498527527
2757630,36,36,0.4595479667186737
2657120,2,2,0.45944157242774963
2333030,2,2,0.4590384364128113
452230,7,7,0.45888039469718933
1570960,2,2,0.4585903286933899
1753260,1,1,0.45846837759017944
2353340,11,11,0.4583832323551178
232050,1,1,0.4583777189254761
6370,7,7,0.45795372128486633
1955960,2,2,0.4579256772994995
1054430,2,2,0.45780259370803833
913720,36,36,0.4575729966163635
1263230,23,23,0.4575265347957611
1571600,27,27,0.4573984146118164
3302860,2,2,0.45716729760169983
2637070,2,2,0.4571493864059448
20530,2,2,0.45698097348213196
1518770,27,27,0.45696189999580383
496730,36,36,0.4568255841732025
609150,27,27,0.45680925250053406
1336180,21,21,0.45673659443855286
2272250,2,2,0.45667076110839844
562500,7,7,0.45633256435394287
227020,30,30,0.4562099277973175
393430,2,2,0.4561633765697479
2090150,11,11,0.4556671380996704
496760,2,2,0.45550912618637085
2901520,2,2,0.45538023114204407
380150,1,1,0.45532360672950745
33980,2,2,0.4549599289894104
827050,21,21,0.45482397079467773
33540,27,27,0.4544837474822998
3279100,28,28,0.454088419675827
1092710,7,7,0.45391547679901123
504210,2,2,0.45390453934669495
2808830,27,27,0.4537048935890198
2019680,11,11,0.45362305641174316
216250,23,23,0.4534515142440796
5270,23,23,0.4534515142440796
309970,23,23,0.4534515142440796
425420,23,23,0.4534515142440796
323750,23,23,0.4534515142440796
950050,2,2,0.45336705446243286
1868170,27,27,0.4532037675380707
1890650,7,7,0.4531099498271942
1299690,2,2,0.4530479609966278
19000,30,30,0.4523922801017761
435750,27,27,0.45238256454467773
1289010,36,36,0.4521356523036957
3535220,36,36,0.4521307051181793
2643980,11,11,0.45196568965911865
1440170,2,2,0.45184770226478577
1244630,2,2,0.451844722032547
2445340,36,36,0.451454758644104
203750,30,30,0.4513012170791626
1532690,27,27,0.4506274461746216
2027770,2,2,0.4502945840358734
1949960,2,2,0.44975414872169495
671970,2,2,0.44972771406173706
2810,21,21,0.4496888220310211
215510,7,7,0.44958725571632385
1620380,2,2,0.4489953815937042
3592310,2,2,0.44873175024986267
928690,11,11,0.4487031102180481
720560,27,27,0.4483308494091034
2142160,11,11,0.4483180344104767
2503710,2,2,0.4481312036514282
1100150,27,27,0.44808560609817505
756360,2,2,0.4480803608894348
1694600,2,2,0.4474644660949707
3095380,21,21,0.4469327926635742
3211690,2,2,0.4469117522239685
1567860,2,2,0.44690245389938354
592600,2,2,0.44689637422561646
355150,11,11,0.44679245352745056
493200,2,2,0.44656500220298767
2157110,2,2,0.4460585415363312
257170,21,21,0.44592398405075073
797400,21,21,0.44568878412246704
1823390,36,36,0.44566893577575684
3071950,2,2,0.4451223313808441
800180,23,23,0.4445442259311676
377350,2,2,0.4444483518600464
783710,2,2,0.4443874657154083
585710,2,2,0.44437146186828613
3491570,9,9,0.44412511587142944
3603080,11,11,0.4439952075481415
2059530,23,23,0.4438079297542572
46260,36,36,0.44379672408103943
719730,2,2,0.44338566064834595
2301370,36,36,0.44326820969581604
3136020,2,2,0.4426453113555908
1183470,21,21,0.4422975480556488
954170,2,2,0.4422042965888977
2380410,2,2,0.44219061732292175
1183510,36,36,0.4420728385448456
25980,21,21,0.44203993678092957
2256280,27,27,0.4419027268886566
1348180,36,36,0.4418259561061859
2601560,11,11,0.44139784574508667
780490,23,23,0.4409046471118927
1552810,2,2,0.44068533182144165
2613060,2,2,0.440573513507843
1998330,27,27,0.44044655561447144
318970,36,36,0.44007885456085205
716710,27,27,0.4399970471858978
1434310,2,2,0.43984419107437134
813530,2,2,0.4398299753665924
25600,36,36,0.4397115409374237
270760,36,36,0.4396321773529053
574740,36,36,0.43950051069259644
2737980,11,11,0.43927323818206787
6810,21,21,0.439170241355896
754500,21,21,0.4391387104988098
21100,2,2,0.43864381313323975
1418360,27,27,0.4386272430419922
3181470,2,2,0.4385982155799866
3399430,2,2,0.4384569823741913
630140,21,21,0.4384559690952301
2064150,2,2,0.43844690918922424
3485050,36,36,0.43838179111480713
1003400,7,7,0.43836745619773865
711810,2,2,0.43828845024108887
491470,11,11,0.4381216764450073
1356670,20,20,0.43811681866645813
719140,2,2,0.43778741359710693
2138700,2,2,0.43760544061660767
3405660,21,21,0.43752679228782654
438660,2,2,0.4374152719974518
965010,11,11,0.4372590482234955
943370,23,23,0.4371491074562073
494740,2,2,0.43666478991508484
345220,12,12,0.43665897846221924
739970,36,36,0.4365910291671753
419480,21,21,0.43657055497169495
1094530,27,27,0.4365486800670624
1293230,23,23,0.43591073155403137
1393820,36,36,0.4358682930469513
1373510,23,23,0.4358678460121155
1069690,23,23,0.4357868432998657
1921980,27,27,0.4354930520057678
2999250,2,2,0.4351676106452942
2384600,2,2,0.43492627143859863
2291680,36,36,0.43483760952949524
2400290,31,31,0.4343550503253937
1846460,2,2,0.433833509683609
331580,2,2,0.43370363116264343
2689230,2,2,0.4329833388328552
2803360,2,2,0.43297162652015686
203630,21,21,0.4322158396244049
2477290,2,2,0.43194401264190674
839910,7,7,0.4314088523387909
338040,2,2,0.43125829100608826
1731070,23,23,0.4310263991355896
22000,1,1,0.43096986413002014
1374930,36,36,0.4308660328388214
271500,2,2,0.4307587742805481
561610,21,21,0.4303569793701172
1167550,27,27,0.42971113324165344
416680,21,21,0.42955780029296875
512250,30,30,0.42871779203414917
2639420,11,11,0.4284267723560333
444620,28,28,0.4278407096862793
946720,2,2,0.4278066158294678
873940,11,11,0.42753320932388306
2995310,11,11,0.42750903964042664
2134030,7,7,0.42747652530670166
374520,21,21,0.42709240317344666
1271050,2,2,0.426967054605484
3205430,36,36,0.42688706517219543
31860,2,2,0.4256487488746643
1709050,21,21,0.42562752962112427
1715750,2,2,0.4255436956882477
336670,2,2,0.42515408992767334
298560,2,2,0.4251466989517212
355180,2,2,0.4251120984554291
405640,1,1,0.4247044026851654
212630,21,21,0.4244517982006073
2381620,2,2,0.42371460795402527
1297100,2,2,0.42358335852622986
803330,2,2,0.42358335852622986
2795270,11,11,0.4234912097454071
1159090,1,1,0.4231395423412323
354160,32,32,0.4228152334690094
605230,21,21,0.42264148592948914
2235440,2,2,0.42215922474861145
669310,36,36,0.42193689942359924
387860,36,36,0.4218084514141083
2765860,21,21,0.4214840531349182
2516590,36,36,0.42137637734413147
888040,30,30,0.421245813369751
338810,11,11,0.4209762215614319
422900,21,21,0.4209018051624298
1600,21,21,0.42035871744155884
1224690,27,27,0.4199484586715698
1076880,11,11,0.41973617672920227
422310,23,23,0.41965633630752563
1271280,11,11,0.4194314777851105
2062690,21,21,0.4194198548793793
2248900,2,2,0.41903144121170044
1011590,21,21,0.4189310371875763
344810,2,2,0.41882169246673584
375840,23,23,0.4185386598110199
250740,36,36,0.41850370168685913
363680,21,21,0.4181859493255615
2789810,2,2,0.4180077016353607
1739000,21,21,0.4179241359233856
823230,21,21,0.4177621304988861
635850,36,36,0.4177488386631012
501990,2,2,0.41770032048225403
279460,7,7,0.41766905784606934
21120,1,1,0.41746535897254944
601780,2,2,0.41744691133499146
1347550,21,21,0.4172206521034241
1540150,2,2,0.41710489988327026
2550090,2,2,0.4170198440551758
882790,27,27,0.41664567589759827
1683860,2,2,0.4165630340576172
546220,2,2,0.4165615439414978
1200330,21,21,0.4161044657230377
2024390,27,27,0.416041761636734
2831550,2,2,0.4158104956150055
325470,12,12,0.4155653715133667
785940,21,21,0.41537126898765564
130,12,12,0.41515910625457764
2083070,23,23,0.4150405526161194
294370,21,21,0.4149720072746277
2984660,36,36,0.41493067145347595
2711320,36,36,0.41484716534614563
218090,21,21,0.4148459732532501
2989980,36,36,0.41471385955810547
1571280,2,2,0.41464465856552124
1763030,27,27,0.4146094024181366
622300,2,2,0.4145970046520233
2328540,27,27,0.41447314620018005
1894080,2,2,0.41435909271240234
2348170,11,11,0.4137575030326843
377520,21,21,0.4135306477546692
1664200,27,27,0.41336187720298767
317280,2,2,0.41298821568489075
946040,28,28,0.412969708442688
1552350,11,11,0.412809282541275
3546740,1,1,0.41240450739860535
527450,21,21,0.41238054633140564
283270,1,1,0.4123102128505707
3376270,28,28,0.4118436574935913
2269460,21,21,0.4112614393234253
2512620,36,36,0.4110398590564728
501280,2,2,0.4108438789844513
3174920,2,2,0.4108195900917053
734730,11,11,0.41080328822135925
356570,12,12,0.4107913672924042
1252000,21,21,0.4106246531009674
1743080,2,2,0.4102291464805603
429570,2,2,0.4101184010505676
9200,1,1,0.4095374047756195
638110,9,9,0.4093643128871918
459080,34,34,0.4090319871902466
1421250,2,2,0.408916175365448
2710,1,1,0.40886133909225464
1778330,36,36,0.40841183066368103
3289090,1,1,0.40741413831710815
775900,21,21,0.4072135090827942
743140,23,23,0.4069233536720276
1007020,23,23,0.4069233536720276
435130,21,21,0.4064333736896515
2553050,2,2,0.4063033163547516
2429210,36,36,0.4061393141746521
1848460,36,36,0.40582650899887085
876650,36,36,0.40502578020095825
1266560,27,27,0.4044850468635559
946880,21,21,0.4043716788291931
2529770,36,36,0.40384942293167114
2351970,36,36,0.40372899174690247
2673820,2,2,0.40369629859924316
2327780,2,2,0.4036206901073456
1892370,2,2,0.40356308221817017
501320,2,2,0.4026276767253876
24430,1,1,0.40252193808555603
31280,2,2,0.4023668169975281
333600,27,27,0.402366042137146
1177000,21,21,0.4011162519454956
2639000,36,36,0.40110692381858826
237850,2,2,0.40101924538612366
741510,12,12,0.40096527338027954
2458210,11,11,0.4004490077495575
10100,2,2,0.40029239654541016
1851000,27,27,0.3998241126537323
273570,2,2,0.3994959592819214
755500,2,2,0.3994363844394684
1189440,36,36,0.39931854605674744
3060300,2,2,0.39917948842048645
965230,11,11,0.3991219103336334
1809530,36,36,0.39894166588783264
2328740,36,36,0.3989373445510864
1400860,21,21,0.39873379468917847
523600,2,2,0.3986063301563263
2051060,21,21,0.3983680009841919
679110,2,2,0.39816969633102417
1649010,12,12,0.3979203999042511
2525880,21,21,0.39741742610931396
1373260,36,36,0.39680585265159607
2304030,21,21,0.3966476023197174
1870140,23,23,0.3961462080478668
1777510,2,2,0.39601796865463257
702120,27,27,0.39592379331588745
314330,11,11,0.39563509821891785
764670,2,2,0.39554205536842346
249230,34,34,0.39551278948783875
1330250,27,27,0.3954538106918335
1446850,2,2,0.395332008600235
2571520,1,1,0.39524829387664795
294810,27,27,0.394850492477417
1638230,23,23,0.3948279619216919
397270,11,11,0.3943101465702057
1895350,2,2,0.39394208788871765
929270,2,2,0.3937220275402069
337760,21,21,0.39345839619636536
1803190,21,21,0.39341527223587036
1287800,2,2,0.39340412616729736
2856450,2,2,0.3928047716617584
770100,36,36,0.39279839396476746
521670,31,31,0.39210253953933716
1659600,27,27,0.3919641673564911
521660,31,31,0.3918803036212921
1408220,27,27,0.3917882740497589
1448530,2,2,0.391585111618042
760060,1,1,0.3914441168308258
460430,36,36,0.39102187752723694
3056770,28,28,0.39084741473197937
979560,2,2,0.39053934812545776
2488340,11,11,0.3880433142185211
242460,23,23,0.3877738416194916
939330,2,2,0.38756030797958374
1150090,21,21,0.38730284571647644
873190,2,2,0.38711878657341003
1882140,21,21,0.3866663873195648
449130,21,21,0.3853507936000824
2022270,2,2,0.38440388441085815
1609230,27,27,0.3842923939228058
347400,23,23,0.38371947407722473
1063540,36,36,0.3835582435131073
2099110,2,2,0.3834419846534729
1111390,27,27,0.3832162320613861
2341070,21,21,0.3828340470790863
2128740,27,27,0.3824712634086609
458770,30,30,0.3824532926082611
346830,1,1,0.3819110095500946
1233270,27,27,0.3815142810344696
1294810,2,2,0.3813377022743225
931500,36,36,0.3813347816467285
1126310,36,36,0.3812510073184967
1187330,2,2,0.3811107873916626
233740,23,23,0.380866140127182
1590600,27,27,0.38080599904060364
1846920,2,2,0.3806065320968628
1354760,11,11,0.3798007369041443
1406850,27,27,0.37969112396240234
628040,31,31,0.3795638084411621
234390,1,1,0.3791288435459137
1390520,27,27,0.37866348028182983
431600,21,21,0.3786082863807678
228760,1,1,0.37839990854263306
1512710,36,36,0.37824547290802
2356470,36,36,0.37797996401786804
1823600,21,21,0.37702086567878723
1786760,36,36,0.37671318650245667
2252920,23,23,0.3766390383243561
1389300,2,2,0.3762719929218292
480640,1,1,0.37583085894584656
650940,36,36,0.3756703734397888
791470,2,2,0.3754499554634094
1082190,2,2,0.3751435875892639
966430,27,27,0.37510931491851807
2174320,21,21,0.3747759759426117
1901340,23,23,0.3741925358772278
340600,36,36,0.37390992045402527
3106530,21,21,0.37361007928848267
1189100,21,21,0.37273314595222473
3135930,27,27,0.3723274767398834
472870,12,12,0.3719256520271301
1622900,21,21,0.3718891739845276
2011600,7,7,0.3710308372974396
255940,2,2,0.3707471191883087
2538370,2,2,0.3705194890499115
1347430,2,2,0.36933666467666626
2283200,27,27,0.36877286434173584
1069390,23,23,0.3687065839767456
2687190,2,2,0.3678446114063263
749340,11,11,0.36778417229652405
1728870,36,36,0.3677330017089844
1554260,2,2,0.3676433563232422
844870,2,2,0.3676232099533081
2154720,2,2,0.3633360266685486
1420640,2,2,0.3631892204284668
983820,2,2,0.3627760410308838
5280,27,27,0.3620079755783081
1469170,21,21,0.36126700043678284
1680000,11,11,0.3607088625431061
3192760,2,2,0.3586429953575134
2420170,36,36,0.3575853109359741
1178460,2,2,0.3573523461818695
1039880,27,27,0.35734644532203674
995660,2,2,0.35706377029418945
616240,2,2,0.35667678713798523
1789480,2,2,0.3565495014190674
237890,36,36,0.3557688295841217
1018160,21,21,0.3555973768234253
1293160,2,2,0.35513928532600403
115300,7,7,0.3540567457675934
1155330,2,2,0.3540414273738861
436670,27,27,0.3535374104976654
762440,27,27,0.3529633581638336
915810,2,2,0.3520675599575043
1021210,21,21,0.3516943156719208
1020540,7,7,0.35023513436317444
1310990,27,27,0.3495658040046692
1930,32,32,0.3486770987510681
1368950,27,27,0.34838956594467163
345650,2,2,0.3476885259151459
460470,2,2,0.3471868634223938
714080,27,27,0.34686461091041565
740250,2,2,0.3467887341976166
2002640,23,23,0.3459204435348511
1373950,36,36,0.34499505162239075
632350,27,27,0.34336698055267334
454550,7,7,0.34059613943099976
2492380,27,27,0.3404994010925293
440240,2,2,0.3400999903678894
523000,36,36,0.33847078680992126
2743970,21,21,0.33793744444847107
1341050,2,2,0.33774662017822266
1209330,2,2,0.3361532688140869
732230,2,2,0.33455681800842285
1667250,2,2,0.3344435393810272
2060170,2,2,0.33241376280784607
726590,21,21,0.32989388704299927
1023690,11,11,0.3296947181224823
1732330,27,27,0.3286260664463043
625080,2,2,0.327279657125473
320300,30,30,0.3271011412143707
1454970,21,21,0.32688814401626587
689580,2,2,0.32246533036231995
3052520,2,2,0.32236677408218384
2595640,2,2,0.3217610716819763
989060,2,2,0.3201037049293518
3166780,27,27,0.3190004527568817
1586960,36,36,0.3189232647418976
1358250,2,2,0.31806015968322754
2102020,2,2,0.3175242841243744
1592640,11,11,0.314452201128006
321290,21,21,0.3139215409755707
2428810,2,2,0.31274867057800293
785840,27,27,0.31134161353111267
214560,1,1,0.3109876811504364
945640,27,27,0.30962076783180237
1740000,2,2,0.3079645037651062
880950,27,27,0.30738237500190735
333770,2,2,0.30729618668556213
745740,2,2,0.30640339851379395
1621860,11,11,0.30520448088645935
1394100,2,2,0.3027525842189789
367120,2,2,0.30263158679008484
2398520,2,2,0.30066579580307007
551730,31,31,0.29583093523979187
434030,21,21,0.29482293128967285
863330,36,36,0.2946593463420868
2569210,28,28,0.2938358187675476
1516050,2,2,0.29351603984832764
1865730,36,36,0.29314133524894714
1366810,23,23,0.29167822003364563
2294630,2,2,0.291628897190094
2291020,27,27,0.2915889024734497
505040,21,21,0.2907164692878723
603450,23,23,0.2889382243156433
588010,23,23,0.2889382243156433
1282740,2,2,0.28802111744880676
603010,2,2,0.2859216034412384
889600,27,27,0.28116118907928467
2231040,2,2,0.2804722785949707
2494510,2,2,0.27866432070732117
461560,27,27,0.2774069309234619
741390,11,11,0.2747819125652313
1777620,1,1,0.2696908414363861
3120700,2,2,0.2669386863708496
672150,11,11,0.26066914200782776
301610,27,27,0.26011380553245544
1862860,28,28,0.259259432554245
1275640,7,7,0.25730207562446594
1132190,7,7,0.25668320059776306
496450,2,2,0.25615161657333374
3169620,2,2,0.2410862147808075
427920,23,23,0.23751920461654663
1324910,23,23,0.23751920461654663
19960,23,23,0.23751920461654663
1302390,23,23,0.23751920461654663
2461690,23,23,0.23751920461654663
218170,23,23,0.23751920461654663
322460,23,23,0.23751920461654663
2337630,21,21,0.2368786782026291
712670,12,12,0.23475687205791473
292180,21,21,0.2337421476840973
17080,1,1,0.23212935030460358
1463920,11,11,0.22843988239765167
282050,21,21,0.22723881900310516
857060,11,11,0.22593644261360168
2367470,23,23,0.22518521547317505
1605290,9,9,0.2078324407339096
3071670,11,11,0.20226070284843445
260210,1,1,0.20103317499160767
277590,1,1,0.19482430815696716
575890,12,12,0.185836061835289
520940,21,21,0.18580353260040283
1155970,23,23,0.1760057657957077
733500,11,11,0.16537584364414215
343450,21,21,0.15825363993644714
622220,20,20,0.15718767046928406
1233260,31,31,0.14648662507534027
2200530,21,21,0.14166776835918427
1536420,11,11,0.13732565939426422
372590,28,28,0.12914787232875824
1794490,27,27,0.10039205104112625
772300,36,36,0.06433557718992233
1745780,28,28,0.04306154325604439
696170,28,28,0.03944867104291916
343440,28,28,0.03944867104291916
2796000,28,28,0.03944867104291916
762650,28,28,0.03944867104291916
1299930,28,28,0.03944867104291916
2625850,28,28,0.03944867104291916
370350,28,28,0.03944867104291916
1575710,28,28,0.03944867104291916
858040,28,28,0.03944867104291916
886390,28,28,0.03944867104291916
2647230,28,28,0.03944867104291916
1113240,28,28,0.03944867104291916
2719060,28,28,0.03944867104291916
878110,28,28,0.03944867104291916
416640,36,36,0.03923749178647995
3068400,32,32,-0.006405383814126253
