appid,community_id,cosine_similarity
878110,0,0.0
878110,1,0.0
878110,2,0.0
878110,3,0.0
878110,4,0.0
878110,5,0.0
878110,6,0.0
878110,7,0.0
878110,8,0.0
878110,9,0.0
878110,10,0.0
878110,11,0.0
878110,12,0.0
878110,13,0.0
1074340,0,0.0
1074340,1,0.012211366558651822
1074340,2,0.0
1074340,3,0.0
1074340,4,0.0
1074340,5,0.0
1074340,6,0.0
1074340,7,0.0
1074340,8,0.0
1074340,9,0.0
1074340,10,0.009428942646088173
1074340,11,0.012086826008596754
1074340,12,0.0
1074340,13,0.0
3694360,0,0.0
3694360,1,0.011778825889242608
3694360,2,0.0
3694360,3,0.0
3694360,4,0.0
3694360,5,0.0
3694360,6,0.0
3694360,7,0.0
3694360,8,0.0
3694360,9,0.0
3694360,10,0.009094958636651452
3694360,11,0.011658696708924964
3694360,12,0.0
3694360,13,0.0
1245430,0,0.001032829382595261
1245430,1,0.0005402585806605588
1245430,2,0.0010300364957447365
1245430,3,0.0010383769905163904
1245430,4,0.0010325456685275542
1245430,5,0.0010346405869473309
1245430,6,0.0010538379543614785
1245430,7,0.001047250986094926
1245430,8,0.0006129506330788888
1245430,9,0.0
1245430,10,0.001157076893659093
1245430,11,0.0008359291931558723
1245430,12,0.001038610572358933
1245430,13,0.001057865876364633
338040,0,0.0
338040,1,0.0063100795788811875
338040,2,0.0
338040,3,0.0
338040,4,0.0
338040,5,0.0
338040,6,0.0
338040,7,0.0
338040,8,0.0
338040,9,0.0
338040,10,0.004872294853794943
338040,11,0.00624572471917973
338040,12,0.0
338040,13,0.0
355020,0,0.002303144964725767
355020,1,0.0025029665846084187
355020,2,0.0023376010101316303
355020,3,0.002428369841312421
355020,4,0.002423468119890848
355020,5,0.0023581753135833486
355020,6,0.0023324945023643824
355020,7,0.002367846876497998
355020,8,0.0029496050775788714
355020,9,0.0
355020,10,0.0042052808023525096
355020,11,0.0024774394797001044
355020,12,0.0024967351328372394
355020,13,0.0024075603009906243
2637070,0,0.011562186271294222
2637070,1,0.012565325381293778
2637070,2,0.01173516158168776
2637070,3,0.012190836821333359
2637070,4,0.012166229331577296
2637070,5,0.01183844814530154
2637070,6,0.011709526029039099
2637070,7,0.011887001064751417
2637070,8,0.014807527904689605
2637070,9,0.0
2637070,10,0.02111123733181369
2637070,11,0.012437174897308964
2637070,12,0.012534042415079124
2637070,13,0.012086369327925157
3279100,0,0.0
3279100,1,0.048702487613605856
3279100,2,0.0
3279100,3,0.0
3279100,4,0.0
3279100,5,0.0
3279100,6,0.0
3279100,7,0.0
3279100,8,0.0
3279100,9,0.0
3279100,10,0.037605370391993874
3279100,11,0.04820578361513722
3279100,12,0.0
3279100,13,0.0
2520870,0,0.017227362057248362
2520870,1,0.038806539219970744
2520870,2,0.017168871829012416
2520870,3,0.016750392454838166
2520870,4,0.01690978414073836
2520870,5,0.017188180026764834
2520870,6,0.015924412713312828
2520870,7,0.016135697618935897
2520870,8,0.018188274610301647
2520870,9,0.03259906833194042
2520870,10,0.027868967773916925
2520870,11,0.03817470176347635
2520870,12,0.016305392878910432
2520870,13,0.01569767863361434
813530,0,0.0049610295901926366
813530,1,0.005121885993324505
813530,2,0.004938135226899166
813530,3,0.004915452140312269
813530,4,0.004895411466882843
813530,5,0.004913409011398433
813530,6,0.005130678385345339
813530,7,0.0050669302719643225
813530,8,0.0028435137439047115
813530,9,0.0
813530,10,0.0064764393194342755
813530,11,0.005208731101946149
813530,12,0.004914922100593061
813530,13,0.00509322169705866
1582650,0,0.005570300321924051
1582650,1,0.0038170195883889747
1582650,2,0.00552473417465735
1582650,3,0.005515605947092981
1582650,4,0.0054780817936011875
1582650,5,0.00554183698517055
1582650,6,0.0056967242430968935
1582650,7,0.005623680223976885
1582650,8,0.00211909200526594
1582650,9,0.0
1582650,10,0.006471010638900653
1582650,11,0.0059059832069319595
1582650,12,0.005465998368895867
1582650,13,0.005668900526412749
531180,0,0.01183448984662225
531180,1,0.0061904558440350355
531180,2,0.01180248805462032
531180,3,0.011898056114896567
531180,4,0.011831238959970304
531180,5,0.011855243206156687
531180,6,0.012075212790265273
531180,7,0.011999737198280602
531180,8,0.007023384661487141
531180,9,0.0
531180,10,0.013258157620730515
531180,11,0.009578344415454174
531180,12,0.011900732570456901
531180,13,0.012121366010586656
2512620,0,0.008117702229539217
2512620,1,0.018286022485614034
2512620,2,0.00809014105943207
2512620,3,0.007892949467506297
2512620,4,0.00796805639564203
2512620,5,0.008099239271881681
2512620,6,0.0075037396995190206
2512620,7,0.007603299222546675
2512620,8,0.008570493663793125
2512620,9,0.015361001225823307
2512620,10,0.013132131378065254
2512620,11,0.017988294469435673
2512620,12,0.00768326129600051
2512620,13,0.007396900373906395
37940,0,0.0
37940,1,0.0
37940,2,0.0
37940,3,0.0
37940,4,0.0
37940,5,0.0
37940,6,0.0
37940,7,0.0
37940,8,0.0
37940,9,0.0
37940,10,0.0
37940,11,0.0
37940,12,0.0
37940,13,0.0
538100,0,0.006066900316949327
538100,1,0.006593266597650956
538100,2,0.00615766377126734
538100,3,0.006396765286410322
538100,4,0.006383853265803022
538100,5,0.006211860207029735
538100,6,0.006144212306393827
538100,7,0.006237336852664704
538100,8,0.007769793154192241
538100,9,0.0
538100,10,0.011077470078263686
538100,11,0.006526023587232161
538100,12,0.006576851826846407
538100,13,0.006341949194194038
665370,0,0.0
665370,1,0.00031783233062839135
665370,2,0.0
665370,3,0.0
665370,4,0.0
665370,5,0.0
665370,6,0.0
665370,7,0.0
665370,8,0.0
665370,9,0.0
665370,10,0.00024541256723182794
665370,11,0.0003145908413903422
665370,12,0.0
665370,13,0.0
2613060,0,0.0035920415333138174
2613060,1,0.0018420060050100778
2613060,2,0.0035562967794565198
2613060,3,0.003555644249928326
2613060,4,0.0035266349743097035
2613060,5,0.0035816960225049546
2613060,6,0.003653048566306609
2613060,7,0.003605475843239461
2613060,8,0.0010226251420722167
2613060,9,0.0
2613060,10,0.003916372413097196
2613060,11,0.0038269452720349536
2613060,12,0.0035079559141573116
2613060,13,0.0036396651035258206
6370,0,0.0002739553254732993
6370,1,0.00029772378023839994
6370,2,0.00027805381570220674
6370,3,0.00028885061966800723
6370,4,0.0002882675679244161
6370,5,0.00028050109543701626
6370,6,0.0002774464049578402
6370,7,0.00028165151202246724
6370,8,0.00035085069825035125
6370,9,0.0
6370,10,0.0005002112713527234
6370,11,0.0002946873728734033
6370,12,0.00029698255924524034
6370,13,0.00028637535889236326
2612700,0,0.009678843034291573
2612700,1,0.009992669801229606
2612700,2,0.009634176711573883
2612700,3,0.009589922584357664
2612700,4,0.00955082373826161
2612700,5,0.009585936491612936
2612700,6,0.010009823535291956
2612700,7,0.009885452581253137
2612700,8,0.00554762326907141
2612700,9,0.0
2612700,10,0.012635369020543264
2612700,11,0.010162102407780994
2612700,12,0.009588888490294952
2612700,13,0.009936746485473942
1100150,0,0.005554305713772203
1100150,1,0.006036199116943888
1100150,2,0.005637400530990782
1100150,3,0.005856300272596895
1100150,4,0.005844479193283112
1100150,5,0.005687017890283825
1100150,6,0.005625085585252044
1100150,7,0.0057103420049099945
1100150,8,0.007113320518979374
1100150,9,0.0
1100150,10,0.010141530622803954
1100150,11,0.005974637492808259
1100150,12,0.006021171236064544
1100150,13,0.0058061156118479835
2412490,0,0.004627239078688855
2412490,1,0.0032563408286527427
2412490,2,0.004634722731642899
2412490,3,0.004678360184517024
2412490,4,0.00466248362869769
2412490,5,0.0046321625376422
2412490,6,0.00475386958453424
2412490,7,0.004735952974618416
2412490,8,0.0036944830566187563
2412490,9,0.0
2412490,10,0.005571171479385327
2412490,11,0.0033115543326905175
2412490,12,0.004721751849729845
2412490,13,0.004778070259677419
395860,0,0.0
395860,1,0.0019456448993353383
395860,2,0.0
395860,3,0.0
395860,4,0.0
395860,5,0.0
395860,6,0.0
395860,7,0.0
395860,8,0.0
395860,9,0.0
395860,10,0.0015023195051408153
395860,11,0.0019258017732764142
395860,12,0.0
395860,13,0.0
844850,0,0.0011487566796120905
844850,1,0.0006008985256520062
844850,2,0.0011456503123078617
844850,3,0.0011549269646201068
844850,4,0.0011484411207832363
844850,5,0.0011507711779722694
844850,6,0.0011721233048768655
844850,7,0.0011647969991751613
844850,8,0.0006817497118957969
844850,9,0.0
844850,10,0.001286950035325022
844850,11,0.0009297559311370425
844850,12,0.0011551867642601815
844850,13,0.0011766033307011243
529640,0,0.14656892976655697
529640,1,0.18913883310008123
529640,2,0.14607129988417242
529640,3,0.1425109129950903
529640,4,0.1438670038892414
529640,5,0.14623557238688575
529640,6,0.135483547672302
529640,7,0.13728114166203134
529640,8,0.15474429196259393
529640,9,0.2773500981126146
529640,10,0.1282159413379014
529640,11,0.18520147985964452
529640,12,0.13872489448723305
529640,13,0.13355451342477304
628040,0,0.0
628040,1,0.002602500189403277
628040,2,0.0
628040,3,0.0
628040,4,0.0
628040,5,0.0
628040,6,0.0
628040,7,0.0
628040,8,0.0
628040,9,0.0
628040,10,0.0020095068725073375
628040,11,0.0025759579671589482
628040,12,0.0
628040,13,0.0
1016770,0,0.00315940312385307
1016770,1,0.003261843597812601
1016770,2,0.0031448229804386845
1016770,3,0.003130377387378134
1016770,4,0.003117614599919213
1016770,5,0.003129076232495775
1016770,6,0.0032674429820355212
1016770,7,0.0032268453631553846
1016770,8,0.0018108753519575044
1016770,9,0.0
1016770,10,0.004124483082647965
1016770,11,0.0033171504050957096
1016770,12,0.003130039834635465
1016770,13,0.00324358890581391
915330,0,0.0
915330,1,0.01211155290857005
915330,2,0.0
915330,3,0.0
915330,4,0.0
915330,5,0.0
915330,6,0.0
915330,7,0.0
915330,8,0.0
915330,9,0.0
915330,10,0.009351872059647466
915330,11,0.01198803033196001
915330,12,0.0
915330,13,0.0
3169620,0,0.005518901036399105
3169620,1,0.012431935243971255
3169620,2,0.00550016329929473
3169620,3,0.005366100623641485
3169620,4,0.005417162819791119
3169620,5,0.00550634881000918
3169620,6,0.0051014924708436
3169620,7,0.005169179008152313
3169620,8,0.005826735820814249
3169620,9,0.010443330290785533
3169620,10,0.008928010836466395
3169620,11,0.01222952187494268
3169620,12,0.005223542023397089
3169620,13,0.005028856686950704
1700270,0,0.003930563430285697
1700270,1,0.00427158041519994
1700270,2,0.0039893663602352985
1700270,3,0.004144273087303378
1700270,4,0.004135907774976032
1700270,5,0.004024478611521902
1700270,6,0.00398065155808701
1700270,7,0.004040984168961078
1700270,8,0.005033816815389627
1700270,9,0.0
1700270,10,0.007176761857791862
1700270,11,0.004228015678038189
1700270,12,0.004260945775685486
1700270,13,0.004108759379116256
2743970,0,0.0076783574886360745
2743970,1,0.007927320520427765
2743970,2,0.007642923088851503
2743970,3,0.00760781568935036
2743970,4,0.007576798044301772
2743970,5,0.007604653467898021
2743970,6,0.007940928810378233
2743970,7,0.007842263645241303
2743970,8,0.004401004802050082
2743970,9,0.0
2743970,10,0.010023809663700138
2743970,11,0.008061733705838844
2743970,12,0.007606995328501214
2743970,13,0.007882955795346416
797400,0,0.0052033340556671024
797400,1,0.0009662219062284875
797400,2,0.0051340758957847555
797400,3,0.0051475123556329015
797400,4,0.00509226890778566
797400,5,0.005210355760729604
797400,6,0.005235326961598848
797400,7,0.005165123342652707
797400,8,0.0005364167171239972
797400,9,0.0
797400,10,0.004968342637474208
797400,11,0.0055942697022799215
797400,12,0.005035295468348039
797400,13,0.005228466863579945
1039960,0,0.013328603153096174
1039960,1,0.009133356620107353
1039960,2,0.013219572569638583
1039960,3,0.013197730565497843
1039960,4,0.013107942848203772
1039960,5,0.01326049613945686
1039960,6,0.013631110051645065
1039960,7,0.013456330472934399
1039960,8,0.005070558991572017
1039960,9,0.0
1039960,10,0.015483820946942853
1039960,11,0.014131824469897882
1039960,12,0.013079029654422522
1039960,13,0.01356453351959211
20530,0,0.004747134825779678
20530,1,0.005158997815394659
20530,2,0.004818154017194011
20530,3,0.005005242492384697
20530,4,0.0049951392931406186
20530,5,0.00486056081048218
20530,6,0.00480762872189941
20530,7,0.004880495384221579
20530,8,0.006079588215472339
20530,9,0.0
20530,10,0.008667728369155123
20530,11,0.0051063825390800744
20530,12,0.005146153838063143
20530,13,0.0049623508398473895
2473640,0,0.0071522953361333385
2473640,1,0.004901073518875217
2473640,2,0.007093788159904711
2473640,3,0.007082067467004395
2473640,4,0.007033886253694337
2473640,5,0.007115748259863212
2473640,6,0.007314624325509603
2473640,7,0.0072208354152010785
2473640,8,0.002720925442107191
2473640,9,0.0
2473640,10,0.008308812189266625
2473640,11,0.007583313951666898
2473640,12,0.007018371071896288
2473640,13,0.007278898524821505
672150,0,0.0
672150,1,0.00019460807689985877
672150,2,0.0
672150,3,0.0
672150,4,0.0
672150,5,0.0
672150,6,0.0
672150,7,0.0
672150,8,0.0
672150,9,0.0
672150,10,0.0001502656059615387
672150,11,0.00019262331976183843
672150,12,0.0
672150,13,0.0
1040460,0,0.0
1040460,1,0.0017622438328954546
1040460,2,0.0
1040460,3,0.0
1040460,4,0.0
1040460,5,0.0
1040460,6,0.0
1040460,7,0.0
1040460,8,0.0
1040460,9,0.0
1040460,10,0.001360707333531089
1040460,11,0.0017442711665910061
1040460,12,0.0
1040460,13,0.0
1649010,0,0.002143627391204419
1649010,1,0.002329609213580195
1649010,2,0.002175696984675877
1649010,3,0.0022601790975114978
1649010,4,0.002255616873047008
1649010,5,0.002194846296208383
1649010,6,0.002170944157523908
1649010,7,0.002203847999313106
1649010,8,0.0027453131845248655
1649010,9,0.0
1649010,10,0.003914019852720078
1649010,11,0.0023058501353902874
1649010,12,0.0023238093569023675
1649010,13,0.002240810841793609
716390,0,0.0
716390,1,0.0
716390,2,0.0
716390,3,0.0
716390,4,0.0
716390,5,0.0
716390,6,0.0
716390,7,0.0
716390,8,0.0
716390,9,0.0
716390,10,0.0
716390,11,0.0
716390,12,0.0
716390,13,0.0
1089790,0,0.0016518391861901434
1089790,1,0.0017053984132038452
1089790,2,0.0016442162108090271
1089790,3,0.001636663582749309
1089790,4,0.0016299907804435524
1089790,5,0.0016359832964617644
1089790,6,0.0017083259542346567
1089790,7,0.0016871001925628007
1089790,8,0.0009467848040933903
1089790,9,0.0
1089790,10,0.002156414522496076
1089790,11,0.0017343146191933767
1089790,12,0.0016364870991459547
1089790,13,0.0016958542637575105
491100,0,0.03150839774838434
491100,1,0.034242076771814255
491100,2,0.031979777014610244
491100,3,0.03322154880049557
491100,4,0.03315449032585844
491100,5,0.03226124576559262
491100,6,0.03190991694053766
491100,7,0.03239355851873258
491100,8,0.04035235793161421
491100,9,0.0
491100,10,0.05753075129595437
491100,11,0.033892850740828546
491100,12,0.0341568267923456
491100,13,0.03293686186872952
130,0,0.0022166369921455364
130,1,0.002408953151677887
130,2,0.0022497988408434868
130,3,0.002337158321905553
130,4,0.002332440713072996
130,5,0.0022696003569517608
130,6,0.0022448841376046884
130,7,0.002278908648204295
130,8,0.0028388155445352647
130,9,0.0
130,10,0.004047327081716693
130,11,0.0023843848653091275
130,12,0.002402955758234434
130,13,0.002317130404612761
496450,0,0.0
496450,1,0.0020759919657011992
496450,2,0.0
496450,3,0.0
496450,4,0.0
496450,5,0.0
496450,6,0.0
496450,7,0.0
496450,8,0.0
496450,9,0.0
496450,10,0.0016029663088336233
496450,11,0.00205481946382956
496450,12,0.0
496450,13,0.0
1135260,0,0.01000137126495822
1135260,1,0.002955535272016621
1135260,2,0.009919879222235977
1135260,3,0.009983569773677353
1135260,4,0.009899196457937343
1135260,5,0.010027598760127395
1135260,6,0.010116289805995972
1135260,7,0.010020935965001278
1135260,8,0.0033532039673568634
1135260,9,0.0
1135260,10,0.010149992944762664
1135260,11,0.009275171201243786
1135260,12,0.009870531061709417
1135260,13,0.010138534918031218
22700,0,0.0
22700,1,0.0
22700,2,0.0
22700,3,0.0
22700,4,0.0
22700,5,0.0
22700,6,0.0
22700,7,0.0
22700,8,0.0
22700,9,0.0
22700,10,0.0
22700,11,0.0
22700,12,0.0
22700,13,0.0
655360,0,0.016505841694558508
655360,1,0.017937893986293436
655360,2,0.0167527762295531
655360,3,0.01740328498224407
655360,4,0.017368156043747165
655360,5,0.016900225131359553
655360,6,0.01671617965829548
655360,7,0.016969537870615278
655360,8,0.021138797260979086
655360,9,0.0
655360,10,0.0301377899645415
655360,11,0.017754950073083357
655360,12,0.017893235331264044
655360,13,0.01725415021932262
21100,0,0.003099793322341009
21100,1,0.0033687324175600366
21100,2,0.003146167571942831
21100,3,0.003268332967990498
21100,4,0.0032617357613173277
21100,5,0.0031738584422216147
21100,6,0.0031392947441704457
21100,7,0.00318687535891535
21100,8,0.0039698613257332606
21100,9,0.0
21100,10,0.005659870112107021
21100,11,0.0033343755921993227
21100,12,0.003360345532285929
21100,13,0.003240325493377118
3572870,0,0.0
3572870,1,0.007846742072890354
3572870,2,0.0
3572870,3,0.0
3572870,4,0.0
3572870,5,0.0
3572870,6,0.0
3572870,7,0.0
3572870,8,0.0
3572870,9,0.0
3572870,10,0.00605882073956009
3572870,11,0.007766715192262025
3572870,12,0.0
3572870,13,0.0
1356670,0,0.010723639881411671
1356670,1,0.005609385789634114
1356670,2,0.010694641952693476
1356670,3,0.010781239471965506
1356670,4,0.010720694140766946
1356670,5,0.010742445217075573
1356670,6,0.010941767252534297
1356670,7,0.010873376212551194
1356670,8,0.006364131351206064
1356670,9,0.0
1356670,10,0.01201367440914971
1356670,11,0.008679268604111187
1356670,12,0.010783664700763673
1356670,13,0.010983588279085368
225000,0,0.0006105504307804829
225000,1,0.0006635219883537742
225000,2,0.0006196845294532714
225000,3,0.0006437468224602909
225000,4,0.0006424474044161195
225000,5,0.0006251386584932777
225000,6,0.0006183308237313877
225000,7,0.0006277025339741088
225000,8,0.0007819232737538552
225000,9,0.0
225000,10,0.0011147956575694455
225000,11,0.0006567549002472703
225000,12,0.0006618700664723677
225000,13,0.0006382303334843876
1271280,0,0.0
1271280,1,0.0005065277309786559
1271280,2,0.0
1271280,3,0.0
1271280,4,0.0
1271280,5,0.0
1271280,6,0.0
1271280,7,0.0
1271280,8,0.0
1271280,9,0.0
1271280,10,0.00039111273100446637
1271280,11,0.000501361786452199
1271280,12,0.0
1271280,13,0.0
